{
  "best_model": "xgboost",
  "best_threshold": 0.35999999999999993,
  "validation_results": [
    {
      "model": "xgboost",
      "roc_auc": 0.9990511994271394,
      "pr_auc": 0.8383141035287055,
      "precision": 0.6086956521739131,
      "recall": 0.9333333333333333,
      "f1": 0.7368421052631579,
      "f2": 0.8433734939759037,
      "brier": 0.002803943590655117,
      "best_threshold": 0.35999999999999993
    },
    {
      "model": "logistic_regression",
      "roc_auc": 0.9991705454111469,
      "pr_auc": 0.8375227258920805,
      "precision": 0.5769230769230769,
      "recall": 1.0,
      "f1": 0.7317073170731707,
      "f2": 0.872093023255814,
      "brier": 0.00383975965860773,
      "best_threshold": 0.5099999999999999
    },
    {
      "model": "random_forest",
      "roc_auc": 0.9991228070175439,
      "pr_auc": 0.8337472003789284,
      "precision": 0.6122448979591837,
      "recall": 1.0,
      "f1": 0.759493670886076,
      "f2": 0.8875739644970414,
      "brier": 0.001911731242327201,
      "best_threshold": 0.3
    },
    {
      "model": "hist_gradient_boosting",
      "roc_auc": 0.998919918844731,
      "pr_auc": 0.8150107603931549,
      "precision": 0.6363636363636364,
      "recall": 0.9333333333333333,
      "f1": 0.7567567567567568,
      "f2": 0.8536585365853658,
      "brier": 0.0026146335393409286,
      "best_threshold": 0.22999999999999998
    }
  ],
  "test_metrics": {
    "roc_auc": 0.9993611825153514,
    "pr_auc": 0.9066198276983201,
    "precision": 0.7843137254901961,
    "recall": 0.851063829787234,
    "f1": 0.8163265306122449,
    "f2": 0.8368200836820083,
    "brier": 0.0018803526216574302
  },
  "random_state": 42
}